001,"ExxonMobil Exploration & Production Norway AS",2004-10-01
"001 B","Det norske oljeselskap ASA",2009-12-22
"001 P","Esso Exploration and Production Norway A/S",1994-01-19
002,"Esso Exploration and Production Norway A/S",1965-09-01
003,"Esso Exploration and Production Norway A/S",1965-09-01
004,"Amoco Norway Oil Company",1965-09-01
005,"Union Norge A/S",1977-01-20
006,"Total E&P Norge AS",2003-05-06
"006 B","BP Norge AS",2002-03-12
"006 C","Lundin Norway AS",2004-01-01
"006 D","Lundin Norway AS",2008-02-29
007,"Elf Petroleum Norge AS",1967-08-31
008,"Amerada Hess Norge AS",2001-05-09
009,"Elf Petroleum Norge AS",1967-08-31
010,"A/S Norske Shell",1965-09-01
011,"A/S Norske Shell",1965-09-01
012,"A/S Norske Shell",1965-09-01
013,"Saga Petroleum ASA",1977-07-31
014,"Saga Petroleum ASA",1977-07-31
015,"Saga Petroleum ASA",1977-07-31
016,"Phillips Petroleum Company Norway",1965-09-01
017,"Phillips Petroleum Company Norway",1965-09-01
018,"ConocoPhillips Skandinavia AS",2003-05-06
"018 B","ConocoPhillips Skandinavia AS",2003-05-06
"018 C","Maersk Oil Norway AS",2011-10-28
"018 DS","Maersk Oil Norway AS",2011-11-29
019,"BP Norge AS",2002-03-12
"019 B","Talisman Energy Norge AS",2003-07-04
"019 C","Talisman Energy Norge AS",2003-07-04
"019 D","Talisman Energy Norge AS",2009-01-16
020,"BP Petroleum Dev. of Norway AS",1978-01-01
021,"Syracuse Oils Norge A/S",1965-09-01
022,"Norwegian Gulf Exploration Company AS",1977-09-30
023,"Elf Norge A/S",1969-05-23
024,"Total E&P Norge AS",2003-05-06
025,"Statoil Petroleum AS",2009-11-02
026,"Total E&P Norge AS",2003-05-06
027,"ExxonMobil Exploration & Production Norway AS",2004-10-01
"027 B","ExxonMobil Exploration & Production Norway AS",2004-10-01
"027 C","ExxonMobil Exploration & Production Norway AS",2004-10-01
"027 D","Det norske oljeselskap ASA",2009-12-18
"027 P","Esso Exploration and Production Norway A/S",1994-01-19
028,"ExxonMobil Exploration & Production Norway AS",2004-10-01
"028 B","Det norske oljeselskap ASA",2009-12-22
"028 C","Statoil Petroleum AS",2009-11-02
"028 P","Esso Exploration and Production Norway A/S",1994-01-19
"028 S","ExxonMobil Exploration & Production Norway AS",2009-11-13
029,"ExxonMobil Exploration & Production Norway AS",2004-10-01
"029 B","Statoil Petroleum AS",2010-02-09
"029 C","Total E&P Norge AS",2012-12-03
030,"Esso Exploration and Production Norway A/S",1969-05-23
031,"Phillips Petroleum Company Norway",1969-05-23
032,"Amoco Norway Oil Company",1969-05-30
033,"BP Norge AS",2002-03-12
"033 B","BP Norge AS",2002-03-12
034,"Statoil Petroleum AS",2009-11-02
035,"Statoil Petroleum AS",2009-11-02
"035 B","Centrica Resources (Norge) AS",2012-04-30
"035 C","Statoil Petroleum AS",2012-02-03
036,"Centrica Resources (Norge) AS",2012-04-30
"036 BS","Statoil Petroleum AS",2009-11-02
"036 C","Marathon Oil Norge AS",2011-07-04
"036 D","Marathon Oil Norge AS",2012-10-01
037,"Statoil Petroleum AS",2009-11-02
"037 B","Statoil Petroleum AS",2009-11-02
"037 C","Wintershall Norge AS",2012-03-24
"037 D","Wintershall Norge AS",2012-03-24
"037 E","Statoil Petroleum AS",2009-11-02
"037 F","Statoil Petroleum AS",2013-02-08
038,"Talisman Energy Norge AS",2005-04-29
"038 B","Talisman Energy Norge AS",2005-04-29
"038 C","Talisman Energy Norge AS",2006-06-15
"038 D","Talisman Energy Norge AS",2009-05-15
039,"Norske Conoco A/S",1975-04-01
040,"Total E&P Norge AS",2003-05-06
041,"Saga Petroleum ASA",1975-06-01
042,"Amoco Norway AS",1975-04-01
043,"Total E&P Norge AS",2003-05-06
"043 BS","Total E&P Norge AS",2006-01-06
"043 CS","Total E&P Norge AS",2010-05-12
"043 DS","Total E&P Norge AS",2010-05-12
044,"ConocoPhillips Skandinavia AS",2003-05-06
045,"Den norske stats oljeselskap a.s",1976-12-03
046,"Statoil Petroleum AS",2009-11-02
"046 B","Statoil Petroleum AS",2009-11-02
"046 BS","Statoil Petroleum AS",2009-11-02
"046 C","Statoil Petroleum AS",2011-12-21
"046 D","Statoil Petroleum AS",2012-02-03
047,"Norsk Hydro Produksjon AS",1977-01-07
048,"Statoil Petroleum AS",2009-11-02
"048 B","Statoil Petroleum AS",2009-11-02
"048 C","Statoil Petroleum AS",2009-11-02
"048 D","Statoil Petroleum AS",2009-11-02
"048 E","Statoil Petroleum AS",2010-12-09
049,"Norsk Agip  AS",1977-12-23
050,"Statoil Petroleum AS",2009-11-02
"050 B","Statoil Petroleum AS",2009-11-02
"050 C","Statoil Petroleum AS",2009-11-02
"050 D","Statoil Petroleum AS",2009-11-02
"050 DS","Statoil Petroleum AS",2009-11-02
"050 ES","Statoil Petroleum AS",2012-04-11
"050 FS","Statoil Petroleum AS",2012-04-11
"050 GS","Statoil Petroleum AS",2012-04-11
"050 HS","Statoil Petroleum AS",2012-04-11
051,"Statoil Petroleum AS",2009-11-02
052,"Statoil Petroleum AS",2009-11-02
"052 B","Statoil Petroleum AS",2009-11-02
"052 C","Statoil Petroleum AS",2009-11-02
053,"Statoil Petroleum AS",2009-11-02
"053 B","Statoil Petroleum AS",2009-11-02
054,"Statoil Petroleum AS",2009-11-02
055,"Statoil Petroleum AS",2009-11-02
"055 B","Statoil Petroleum AS",2009-11-02
"055 C","Statoil Petroleum AS",2009-11-02
"055 D","Statoil Petroleum AS",2013-02-08
056,"Amoco Norway AS",1979-04-06
057,"Statoil Petroleum AS",2009-11-02
058,"Norwegian Gulf Exploration Company AS",1979-04-06
059,"Saga Petroleum ASA",1980-08-18
060,"Den norske stats oljeselskap a.s",1980-01-18
061,"Norsk Hydro Produksjon AS",1980-01-18
062,"Statoil Petroleum AS",2009-11-02
063,"Norsk Hydro Produksjon AS",1981-03-27
064,"Statoil Petroleum AS",2009-11-02
065,"BP Norge AS",2002-03-12
066,"Amerada Hess Norge AS",1999-01-01
067,"Norsk Agip  AS",1991-08-01
068,"Norsk Hydro Produksjon AS",1981-08-21
069,"Saga Petroleum ASA",1996-08-26
070,"Norsk Hydro Produksjon AS",1981-08-21
071,"Den norske stats oljeselskap a.s",1981-08-21
072,"ExxonMobil Exploration & Production Norway AS",2004-10-01
"072 B","Statoil Petroleum AS",2009-11-02
"072 C","Statoil Petroleum AS",2011-12-21
073,"Statoil Petroleum AS",2009-11-02
"073 B","Statoil Petroleum AS",2009-11-02
074,"Statoil Petroleum AS",2009-11-02
"074 B","Statoil Petroleum AS",2009-11-01
075,"BP Petroleum Dev. of Norway AS",1982-04-23
076,"Norsk Hydro Produksjon AS",1982-04-23
077,"Statoil Petroleum AS",2009-11-02
078,"Statoil Petroleum AS",2009-11-02
079,"Statoil Petroleum AS",2009-11-02
080,"Den norske stats oljeselskap a.s",1982-12-10
081,"Phillips Petroleum Company Norway",1982-12-10
082,"Saga Petroleum ASA",1982-12-10
083,"Norsk Hydro Produksjon AS",1982-12-10
084,"Den norske stats oljeselskap a.s",1982-12-10
085,"Statoil Petroleum AS",2009-11-02
"085 B","Statoil Petroleum AS",2009-11-02
"085 C","Statoil Petroleum AS",2009-11-02
"085 D","StatoilHydro Petroleum AS",2007-10-01
086,"Saga Petroleum ASA",1995-09-01
087,"Norsk Hydro Produksjon AS",1984-03-09
088,"Centrica Resources (Norge) AS",2011-12-06
"088 BS","Marathon Oil Norge AS",2011-07-04
089,"Statoil Petroleum AS",2009-11-02
090,"Statoil Petroleum AS",2009-11-02
"090 B","Statoil Petroleum AS",2009-11-02
"090 C","Statoil Petroleum AS",2009-11-02
"090 D","Statoil Petroleum AS",2009-11-02
"090 E","Statoil Petroleum AS",2010-02-19
"090 F","Statoil Petroleum AS",2013-01-22
"090 G","Statoil Petroleum AS",2013-01-22
"090 HS","Statoil Petroleum AS",2013-04-09
091,"Statoil Petroleum AS",2009-11-02
"091 B","StatoilHydro Petroleum AS",2009-01-01
"091 C","StatoilHydro ASA",2007-10-01
"091 D","Statoil Petroleum AS",2013-02-08
092,"Statoil Petroleum AS",2009-11-02
093,"A/S Norske Shell",1984-03-09
"093 B","A/S Norske Shell",2010-02-19
"093 C","A/S Norske Shell",2013-02-08
094,"Statoil Petroleum AS",2009-11-02
"094 B","Statoil Petroleum AS",2009-11-02
095,"ConocoPhillips Skandinavia AS",2007-01-01
096,"Elf Aquitaine Norge A/S",1984-03-09
097,"Statoil Petroleum AS",2009-11-02
098,"Esso Exploration and Production Norway A/S",1984-03-09
099,"Statoil Petroleum AS",2009-11-02
100,"Statoil Petroleum AS",2009-11-02
101,"Norsk Agip  AS",1985-03-01
102,"Total E&P Norge AS",2003-05-06
"102 B","TotalFinaElf Exploration Norge AS",2000-07-24
"102 C","Total E&P Norge AS",2009-03-20
"102 D","Total E&P Norge AS",2012-02-03
"102 E","Total E&P Norge AS",2012-02-03
103,"Amerada Hess Norge AS",1998-11-30
"103 B","Det norske oljeselskap ASA",2009-12-22
104,"Statoil Petroleum AS",2009-11-02
"104 B","Statoil Petroleum AS",2012-02-03
105,"Den norske stats oljeselskap a.s",1985-03-01
106,"Den norske stats oljeselskap a.s",1985-03-01
107,"Statoil Petroleum AS",2009-11-02
"107 B","Statoil Petroleum AS",2009-11-02
"107 C","Statoil Petroleum AS",2009-11-02
"107 D","Statoil Petroleum AS",2011-10-31
108,"A/S Norske Shell",1985-03-01
109,"Norsk Hydro Produksjon AS",1985-03-01
110,"Statoil Petroleum AS",2009-11-02
"110 B","Statoil Petroleum AS",2009-11-02
"110 C","Statoil Petroleum AS",2009-11-02
111,"Esso Exploration and Production Norway A/S",1985-03-01
112,"TotalFinaElf Exploration Norge AS",2000-07-24
113,"DONG E&P Norge AS",2012-06-22
114,"Statoil ASA (old)",2001-05-10
"114 B","Statoil ASA (old)",2001-05-10
"114 C","Statoil ASA (old)",2001-05-10
115,"Den norske stats oljeselskap a.s",1996-07-04
116,"Saga Petroleum ASA",1995-09-01
117,"Saga Petroleum ASA",1985-08-23
118,"BP Petroleum Dev. of Norway AS",1985-08-23
119,"Total Norge AS",1985-08-23
120,"Statoil Petroleum AS",2009-11-02
"120 B","Statoil Petroleum AS",2009-11-02
121,"Statoil Petroleum AS",2009-11-02
122,"Eni Norge AS",2003-12-31
"122 B","Eni Norge AS",2003-12-31
"122 C","Eni Norge AS",2004-12-17
"122 D","Eni Norge AS",2006-01-06
123,"Saga Petroleum ASA",1986-02-28
124,"Statoil Petroleum AS",2009-11-02
125,"A/S Norske Shell",1986-02-28
126,"Esso Exploration and Production Norway A/S",1986-02-28
127,"Total E&P Norge AS",2003-05-06
128,"Statoil Petroleum AS",2009-11-02
"128 B","Statoil Petroleum AS",2009-11-02
"128 C","Statoil ASA (old)",2006-01-06
129,"Norsk Hydro Produksjon AS",1986-07-11
130,"Den norske stats oljeselskap a.s",1987-04-10
131,"Elf Petroleum Norge AS",1987-04-10
132,"Statoil Petroleum AS",2009-11-02
133,"Norske Conoco A/S",1987-04-10
134,"Statoil Petroleum AS",2009-11-02
"134 B","Statoil Petroleum AS",2009-11-02
"134 C","Statoil Petroleum AS",2009-11-02
135,"Saga Petroleum ASA",1987-04-10
136,"Norsk Hydro Produksjon AS",1987-04-10
137,"Den norske stats oljeselskap a.s",1987-04-10
138,"Total Norge AS",1987-05-29
139,"Den norske stats oljeselskap a.s",1987-05-29
140,"Mobil Development Norway AS",1987-05-29
141,"Norsk Hydro Produksjon AS",1987-05-29
142,"Den norske stats oljeselskap a.s",1997-09-01
143,"ConocoPhillips Skandinavia AS",2003-06-27
"143 BS","Talisman Energy Norge AS",2006-11-16
"143 CS","Talisman Energy Norge AS",2006-11-16
144,"Amerada Hess Norge AS",1999-01-01
145,"ConocoPhillips Skandinavia AS",2003-05-06
146,"Statoil Petroleum AS",2009-11-02
147,"DONG E&P Norge AS",2008-09-01
148,"Lundin Norway AS",2004-01-01
149,"Esso Exploration and Production Norway A/S",1988-07-08
150,"Marathon Oil Norge AS",2011-07-04
"150 B","Marathon Oil Norge AS",2011-07-04
151,"Elf Petroleum Norge AS",1988-07-08
152,"Statoil Petroleum AS",2009-11-02
153,"GDF SUEZ E&P Norge AS",2010-11-25
"153 B","GDF SUEZ E&P Norge AS",2010-11-25
154,"Norsk Hydro Produksjon AS",1989-03-03
155,"A/S Norske Shell",1989-03-03
156,"Norsk Hydro Produksjon AS",2001-01-11
157,"Norsk Chevron AS",1998-02-09
158,"A/S Norske Shell",1999-12-10
159,"Statoil Petroleum AS",2009-11-02
"159 B","Statoil Petroleum AS",2009-11-02
"159 C","Statoil Petroleum AS",2009-11-02
"159 D","Statoil Petroleum AS",2009-11-02
160,"Mobil Development Norway AS",1989-03-03
161,"Norsk Hydro Produksjon AS",1989-03-03
162,"Den norske stats oljeselskap a.s",1989-03-03
163,"Saga Petroleum ASA",1991-03-01
164,"BP Petroleum Dev. of Norway AS",1991-03-01
165,"Esso Exploration and Production Norway A/S",1991-03-01
166,"RWE Dea Norge AS",1998-12-17
167,"Statoil Petroleum AS",2009-11-02
"167 B","Statoil Petroleum AS",2009-11-02
168,"Amerada Hess Norge AS",2001-05-09
169,"Statoil Petroleum AS",2009-11-02
"169 B1","Statoil Petroleum AS",2009-11-02
"169 B2","Statoil Petroleum AS",2009-11-02
"169 C","Det norske oljeselskap ASA",2009-12-22
"169 D","Statoil Petroleum AS",2010-02-19
"169 E","Statoil Petroleum AS",2011-11-04
170,"Norsk Hydro Produksjon AS",1991-03-01
171,"Norsk Hydro Produksjon AS",1991-03-01
"171 B","Statoil Petroleum AS",2009-11-02
172,"Mobil Development Norway AS",1991-03-01
173,"Den norske stats oljeselskap a.s",1991-03-01
174,"Norsk Hydro Produksjon AS",2000-01-11
175,"Den norske stats oljeselskap a.s",1991-03-01
176,"A/S Norske Shell",1991-03-01
177,"Den norske stats oljeselskap a.s",1991-03-01
178,"Esso Exploration and Production Norway A/S",1991-03-01
179,"Norsk Hydro Produksjon AS",1991-03-01
180,"Den norske stats oljeselskap a.s",1991-03-01
181,"Den norske stats oljeselskap a.s",1996-08-26
182,"Saga Petroleum ASA",1991-03-01
183,"A/S Norske Shell",1991-03-01
184,"Norsk Hydro Produksjon AS",1991-03-01
185,"Statoil Petroleum AS",2009-11-02
186,"Saga Petroleum ASA",1997-07-05
187,"Statoil Petroleum AS",2009-11-02
188,"Elf Petroleum Norge AS",1993-09-10
189,"ExxonMobil Exploration & Production Norway AS",2004-10-01
190,"Statoil Petroleum AS",2009-11-02
"190 B","Statoil Petroleum AS",2013-02-08
191,"Norsk Hydro Produksjon AS",1993-09-10
192,"Mobil Development Norway AS",1993-09-10
193,"Statoil Petroleum AS",2009-11-02
"193 B","Statoil Petroleum AS",2009-11-02
"193 C","Statoil Petroleum AS",2011-02-04
"193 D","Statoil Petroleum AS",2011-12-21
"193 E","Statoil Petroleum AS",2012-02-03
194,"Norsk Hydro Produksjon AS",1993-09-10
195,"Statoil Petroleum AS",2009-11-02
"195 B","Statoil Petroleum AS",2009-11-02
196,"No operator",2001-09-10
197,"Amerada Hess Norge AS",1996-06-01
198,"Den norske stats oljeselskap a.s",1993-09-10
199,"Statoil Petroleum AS",2009-11-02
200,"Statoil ASA (old)",2001-05-10
201,"Eni Norge AS",2003-12-31
202,"StatoilHydro ASA",2007-10-01
203,"Marathon Oil Norge AS",2011-07-04
"203 B","Marathon Oil Norge AS",2013-02-08
204,"Statoil ASA (old)",2001-05-10
205,"Phillips Petroleum Norsk AS",1996-02-02
206,"Mobil Development Norway AS",1996-02-02
207,"Esso Exploration and Production Norway A/S",1996-02-02
208,"DONG E&P Norge AS",2006-09-06
209,"Statoil Petroleum AS",2009-11-02
210,"BP Norge AS",2002-03-12
211,"Total E&P Norge AS",2006-02-24
"211 B","Total E&P Norge AS",2007-02-16
212,"BP Norge AS",2002-03-12
"212 B","BP Norge AS",2002-06-14
"212 C","Statoil Petroleum AS",2009-11-02
"212 D","Statoil Petroleum AS",2009-11-02
"212 E","BP Norge AS",2008-01-23
213,"Statoil Petroleum AS",2009-11-02
214,"A/S Norske Shell",1996-02-02
215,"Norsk Hydro Produksjon AS",2001-01-11
216,"BP Amoco Norge AS",1999-12-23
217,"Statoil ASA (old)",2001-05-10
218,"Statoil Petroleum AS",2009-11-02
"218 B","Statoil Petroleum AS",2011-05-13
219,"Statoil Petroleum AS",2009-11-02
220,"Statoil Petroleum AS",2009-11-02
221,"Norsk Hydro Produksjon AS",1997-05-30
222,"Norsk Hydro Produksjon AS",1997-05-30
223,"Norsk Hydro Produksjon AS",1997-05-30
224,"TotalFinaElf Exploration Norge AS",2000-07-24
225,"StatoilHydro Petroleum AS",2007-10-01
226,"Statoil Petroleum AS",2009-11-02
"226 B","Statoil Petroleum AS",2011-05-13
227,"Statoil Petroleum AS",2009-11-02
228,"Statoil Petroleum AS",2009-11-02
229,"Eni Norge AS",2003-12-31
"229 B","Eni Norge AS",2007-04-27
"229 C","Eni Norge AS",2008-02-29
230,"Statoil Petroleum AS",2009-11-02
231,"StatoilHydro Petroleum AS",2009-01-01
232,"StatoilHydro Petroleum AS",2009-01-01
233,"Statoil ASA (old)",2001-05-10
234,"Statoil ASA (old)",2001-05-10
235,"Statoil ASA (old)",2001-05-10
236,"Statoil ASA (old)",2001-05-10
237,"Statoil Petroleum AS",2009-11-02
238,"Norsk Agip  AS",1999-06-04
239,"DONG Norge AS",2003-11-27
240,"BP Norge AS",2002-03-12
241,"ExxonMobil Exploration & Production Norway AS",2004-10-01
242,"Det norske oljeselskap ASA",2009-12-22
243,"BP Norge AS",2002-03-12
244,"Norsk Hydro Produksjon AS",1999-06-04
245,"Statoil ASA (old)",2001-05-10
246,"A/S Norske Shell",1999-06-04
247,"Norsk Hydro Produksjon AS",1999-06-04
248,"Statoil Petroleum AS",2009-11-02
"248 B","Statoil Petroleum AS",2009-11-02
"248 C","Statoil Petroleum AS",2013-04-09
249,"Centrica Resources (Norge) AS",2012-04-30
250,"A/S Norske Shell",1999-10-22
251,"StatoilHydro ASA",2007-10-01
252,"Norsk Hydro Produksjon AS",2000-05-12
253,"StatoilHydro Petroleum AS",2007-10-01
254,"BP Norge AS",2002-03-12
255,"A/S Norske Shell",2000-05-12
256,"Det norske oljeselskap AS",2009-12-22
257,"Statoil Petroleum AS",2009-11-02
258,"Total E&P Norge AS",2003-05-06
259,"Eni Norge AS",2004-02-05
260,"BP Norge AS",2002-03-12
261,"BP Norge AS",2002-03-12
"261 BS","Chevron Norge AS",2005-09-17
262,"BP Norge AS",2002-03-12
263,"Statoil Petroleum AS",2009-11-02
"263 B","Statoil Petroleum AS",2009-11-02
"263 C","Statoil Petroleum AS",2009-11-02
264,"Eni Norge AS",2006-05-24
265,"Statoil Petroleum AS",2009-11-02
266,"Enterprise Oil Norge AS",2002-01-01
267,"Enterprise Oil Norge AS",2002-01-01
268,"Norske ConocoPhillips AS",2003-03-22
269,"Statoil Petroleum AS",2009-11-02
270,"VNG Norge AS",2009-10-01
271,"StatoilHydro Petroleum AS",2007-10-01
272,"Statoil Petroleum AS",2009-11-02
273,"ConocoPhillips Skandinavia AS",2003-05-06
274,"DONG E&P Norge AS",2006-09-06
"274 BS","BG Norge AS",2005-12-21
"274 CS","DONG E&P Norge AS",2008-02-29
275,"ConocoPhillips Skandinavia AS",2003-05-06
276,"Statoil ASA (old)",2002-03-15
277,"Statoil Petroleum AS",2009-11-02
"277 B","Statoil Petroleum AS",2009-11-02
278,"RWE Dea Norge AS",2002-03-15
279,"RWE Dea Norge AS",2002-03-15
280,"CNR International (UK) Limited",2003-03-08
"280 S","CNR International (Norway) AS",2004-05-10
281,"StatoilHydro Petroleum AS",2009-01-01
282,"A/S Norske Shell",2002-06-14
283,"Statoil Petroleum AS",2009-11-02
284,"ConocoPhillips Skandinavia AS",2003-05-06
285,"Eni Norge AS",2003-12-31
286,"StatoilHydro Petroleum AS",2007-10-01
287,"ExxonMobil Exploration & Production Norway AS",2004-10-01
288,"DONG Norge AS",2003-04-11
289,"DONG E&P Norge AS",2006-09-06
290,"RWE Dea Norge AS",2003-04-11
291,"Norsk Hydro Produksjon AS",2003-04-11
292,"BG Norge AS",2005-05-09
"292 B","BG Norge AS",2009-01-23
293,"Eni Norge AS",2003-12-31
"293 B","Eni Norge AS",2012-06-15
294,"Norsk Hydro Produksjon AS",2003-04-11
295,"ExxonMobil Exploration & Production Norway AS",2004-10-01
296,"Statoil Petroleum AS",2009-11-02
297,"BG Norge AS",2004-07-16
298,"Talisman Energy Norge AS",2006-11-16
299,"Talisman Energy Norge AS",2003-12-12
"299 B","Talisman Energy Norge AS",2009-01-16
300,"BP Norge AS",2003-12-12
301,"Lundin Norway AS",2009-07-24
"301 B","Talisman Energy Norge AS",2008-05-21
"301 CS","ConocoPhillips Skandinavia AS",2010-07-26
"301 D","Lundin Norway AS",2011-02-04
302,"StatoilHydro Petroleum AS",2007-10-01
303,"Statoil Petroleum AS",2009-11-02
"303 B","Statoil Petroleum AS",2011-05-27
304,"Lundin Norway AS",2006-10-02
305,"Det norske oljeselskap ASA (old)",2008-01-01
"305 B","Det norske oljeselskap ASA (old)",2008-01-01
306,"Norsk Hydro Produksjon AS",2003-12-12
307,"Marathon Petroleum Norge AS",2003-12-12
308,"StatoilHydro Petroleum AS",2007-10-01
309,"Statoil Petroleum AS",2009-11-02
"309 B","Statoil Petroleum AS",2011-02-04
"309 C","Statoil Petroleum AS",2011-10-06
310,"Norsk Hydro Produksjon AS",2003-12-12
311,"Marathon Petroleum Norge AS",2003-12-12
"311 B","Marathon Petroleum Norge AS",2004-12-17
312,"Statoil Petroleum AS",2009-11-02
"312 B","Statoil Petroleum AS",2010-02-19
313,"Statoil ASA (old)",2003-12-12
314,"Statoil ASA (old)",2003-12-12
315,"ExxonMobil Exploration & Production Norway AS",2004-10-01
316,"Talisman Energy Norge AS",2006-11-16
"316 B","Talisman Energy Norge AS",2007-02-16
"316 CS","Talisman Energy Norge AS",2007-08-23
"316 DS","Talisman Energy Norge AS",2007-08-23
317,"StatoilHydro Petroleum AS",2007-10-01
318,"Statoil Petroleum AS",2009-11-02
"318 B","Statoil Petroleum AS",2009-11-02
"318 C","Statoil Petroleum AS",2009-11-02
319,"Statoil ASA (old)",2004-06-18
320,"A/S Norske Shell",2004-06-18
321,"Det norske oljeselskap ASA",2009-12-22
"321 B","Det norske oljeselskap ASA",2009-12-22
322,"StatoilHydro ASA",2007-10-01
323,"Total E&P Norge AS",2004-06-18
324,"Eni Norge AS",2004-06-18
325,"Chevron Norge AS",2005-09-17
326,"A/S Norske Shell",2004-06-18
327,"Statoil Petroleum AS",2009-11-02
"327 B","Statoil Petroleum AS",2009-11-02
328,"Statoil Petroleum AS",2009-11-02
329,"Eni Norge AS",2004-06-18
330,"RWE Dea Norge AS",2004-06-18
"330 B","Hess Norge AS",2010-10-25
331,"ConocoPhillips Skandinavia AS",2004-12-17
"331 C","ConocoPhillips Skandinavia AS",2010-02-19
332,"Talisman Energy Norge AS",2004-12-17
333,"Statoil Petroleum AS",2009-11-02
334,"Talisman Energy Norge AS",2004-12-17
335,"BG Norge AS",2004-12-17
336,"Talisman Energy Norge AS",2004-12-17
337,"Det norske oljeselskap ASA",2009-12-22
338,"Lundin Norway AS",2004-12-17
339,"Statoil Petroleum AS",2009-11-02
340,"Marathon Oil Norge AS",2011-07-04
"340 BS","Marathon Oil Norge AS",2011-07-04
341,"Det norske oljeselskap ASA",2009-12-22
342,"Norsk Hydro Produksjon AS",2004-12-17
343,"Marathon Petroleum Norge AS",2004-12-17
344,"Spring Energy Norway AS",2010-09-30
"344 B","Spring Energy Norway AS",2010-09-30
345,"StatoilHydro ASA",2007-10-01
346,"A/S Norske Shell",2004-12-17
347,"StatoilHydro Petroleum AS",2007-10-01
348,"Statoil Petroleum AS",2009-11-02
"348 B","Statoil Petroleum AS",2011-02-04
349,"Marathon Petroleum Norge AS",2004-12-17
350,"E.ON E&P Norge AS",2012-02-11
"350 B","E.ON E&P Norge AS",2012-02-11
351,"StatoilHydro ASA",2007-10-01
352,"StatoilHydro ASA",2007-10-01
353,"Norsk Hydro Produksjon AS",2004-12-17
354,"VNG Norge AS",2009-10-01
"354 B","VNG Norge AS",2009-10-01
355,"Statoil Petroleum AS",2009-11-02
356,"Det norske oljeselskap ASA",2009-12-22
357,"DONG E&P Norge AS",2006-09-06
358,"Statoil Petroleum AS",2009-11-02
359,"Lundin Norway AS",2006-01-06
360,"Statoil Petroleum AS",2009-11-02
"360 B","Statoil Petroleum AS",2011-02-04
361,"Talisman Energy Norge AS",2006-11-16
362,"Centrica Resources (Norge) AS",2012-04-30
363,"Lundin Norway AS",2006-01-06
364,"Det norske oljeselskap ASA",2009-12-22
365,"StatoilHydro Petroleum AS",2007-10-01
366,"StatoilHydro Petroleum AS",2007-10-01
"367 S","StatoilHydro Petroleum AS",2007-10-01
368,"Statoil ASA (old)",2006-01-06
369,"Det norske oljeselskap ASA",2009-12-17
370,"Wintershall Norge AS",2012-03-24
"370 B","Wintershall Norge AS",2012-03-24
"371 S","StatoilHydro Petroleum AS",2007-10-01
"372 BS","BG Norge AS",2006-04-28
"372 S","BG Norge AS",2006-01-06
"373 S","BG Norge AS",2006-01-06
"374 S","BG Norge AS",2006-01-06
375,"Suncor Energy Norge AS",2011-02-28
"375 B","Suncor Energy Norge AS",2011-02-28
"375 C","Suncor Energy Norge AS",2012-02-03
376,"Statoil Petroleum AS",2009-11-02
"377 BS","Idemitsu Petroleum Norge AS",2011-02-04
"377 S","Idemitsu Petroleum Norge AS",2006-01-06
378,"Wintershall Norge AS",2012-03-24
"378 B","Wintershall Norge AS",2012-03-24
379,"Total E&P Norge AS",2006-01-06
380,"Det norske oljeselskap ASA",2009-12-22
381,"A/S Norske Shell",2006-01-06
382,"BG Norge AS",2006-01-06
383,"Det norske oljeselskap ASA",2009-12-22
384,"DONG E&P Norge AS",2006-09-06
385,"Statoil Petroleum AS",2009-11-02
386,"Statoil Petroleum AS",2009-11-02
387,"Talisman Energy Norge AS",2006-04-28
388,"BG Norge AS",2006-04-28
389,"Total E&P Norge AS",2006-04-28
390,"BG Norge AS",2006-04-28
391,"BG Norge AS",2006-04-28
392,"A/S Norske Shell",2006-04-28
393,"Statoil Petroleum AS",2009-11-02
"393 B","Statoil Petroleum AS",2010-09-10
394,"Statoil Petroleum AS",2009-11-02
395,"Statoil Petroleum AS",2009-11-02
396,"Norwegian Energy Company ASA",2010-04-29
397,"Statoil Petroleum AS",2009-11-02
"398 S","Lundin Norway AS",2007-02-16
399,"ConocoPhillips Skandinavia AS",2007-02-16
400,"Lundin Norway AS",2007-02-16
401,"Statoil Petroleum AS",2009-11-02
402,"Talisman Energy Norge AS",2007-02-16
"402 B","Talisman Energy Norge AS",2009-01-23
403,"RWE Dea Norge AS",2007-02-16
404,"ConocoPhillips Skandinavia AS",2007-02-16
405,"Centrica Resources (Norge) AS",2007-02-16
"405 B","Centrica Resources (Norge) AS",2008-02-29
406,"Premier Oil Norge AS",2007-02-16
407,"BG Norge AS",2007-02-16
408,"Det norske oljeselskap ASA",2009-12-22
409,"Lundin Norway AS",2007-02-16
410,"Lundin Norway AS",2007-02-16
411,"Norwegian Energy Company ASA",2007-07-11
412,"Norwegian Energy Company ASA",2007-07-11
413,"Lundin Norway AS",2007-02-16
414,"Det norske oljeselskap ASA",2009-12-22
"414 B","Det norske oljeselskap ASA",2012-02-03
415,"StatoilHydro Petroleum AS",2007-10-01
416,"E.ON E&P Norge AS",2012-02-11
417,"Wintershall Norge ASA",2009-01-17
418,"Wintershall Norge AS",2012-03-24
419,"Nexen Exploration Norge AS",2007-02-16
420,"RWE Dea Norge AS",2007-02-16
421,"Petro-Canada Norge AS",2007-02-16
"422 S","Nexen Exploration Norge AS",2007-02-16
"423 BS","GDF SUEZ E&P Norge AS",2010-02-19
"423 S","GDF SUEZ E&P Norge AS",2009-01-01
424,"ConocoPhillips Skandinavia AS",2007-02-17
"425 S","Petro-Canada Norge AS",2007-02-16
426,"VNG Norge AS",2009-10-01
"427 S","StatoilHydro Petroleum AS",2007-10-01
428,"StatoilHydro Petroleum AS",2007-10-01
429,"Statoil Petroleum AS",2009-11-02
430,"OMV (Norge) AS",2007-02-16
431,"Maersk Oil Norway AS",2009-08-27
432,"Det norske oljeselskap ASA",2009-12-22
"432 B","Det norske oljeselskap ASA",2009-12-22
433,"Centrica Resources (Norge) AS",2007-02-16
434,"Nexen Exploration Norge AS",2010-08-31
435,"RWE Dea Norge AS",2007-02-16
436,"Statoil Petroleum AS",2009-11-02
437,"Statoil Petroleum AS",2009-11-02
438,"Lundin Norway AS",2007-02-16
439,"OMV (Norge) AS",2007-02-16
"440 S","Faroe Petroleum Norge AS",2010-10-18
441,"Det norske oljeselskap ASA (old)",2008-01-01
442,"Centrica Resources (Norge) AS",2012-04-30
443,"Wintershall Norge AS (old)",2007-06-15
444,"Nexen Exploration Norge AS",2007-06-15
445,"Nexen Exploration Norge AS",2007-06-15
446,"Petro-Canada Norge AS",2007-06-15
447,"Det norske oljeselskap ASA",2009-12-22
448,"Statoil Petroleum AS",2009-11-02
"448 B","Statoil Petroleum AS",2009-11-02
449,"OMV (Norge) AS",2007-06-15
450,"Det norske oljeselskap ASA",2009-12-22
451,"Norwegian Energy Company ASA",2008-02-29
452,"Centrica Resources (Norge) AS",2008-02-29
"453 S","Lundin Norway AS",2008-02-29
454,"E.ON Ruhrgas Norge AS",2008-02-29
455,"Lotos Exploration and Production Norge AS",2011-07-01
456,"Rocksource ASA",2008-02-29
457,"Wintershall Norge AS",2012-03-24
458,"E.ON Ruhrgas Norge AS",2008-02-29
459,"Wintershall Norge ASA",2009-01-17
460,"Det norske oljeselskap ASA",2009-12-22
461,"Statoil Petroleum AS",2009-11-02
"462 S","Nexen Exploration Norge AS",2008-02-29
"463 S","Det norske oljeselskap ASA",2009-12-22
464,"Dana Petroleum Norway AS",2008-02-29
465,"Nexen Exploration Norge AS",2008-02-29
"465 B","Nexen Exploration Norge AS",2009-01-23
"466 S","Nexen Exploration Norge AS",2008-02-29
"467 S","BG Norge AS",2008-02-29
468,"Det norske oljeselskap ASA",2010-10-01
"468 B","Det norske oljeselskap ASA",2011-02-05
469,"GDF SUEZ E&P Norge AS",2009-01-01
470,"Centrica Resources (Norge) AS",2008-02-29
471,"OMV (Norge) AS",2008-02-29
472,"Wintershall Norge AS (old)",2008-02-29
"472 B","Wintershall Norge AS (old)",2009-01-23
473,"Statoil Petroleum AS",2009-11-02
474,"Wintershall Norge AS (old)",2008-02-29
475,"Wintershall Norge AS",2012-03-24
"475 BS","Wintershall Norge AS",2012-03-24
"475 CS","Wintershall Norge AS",2012-03-24
476,"Det norske oljeselskap ASA",2009-12-22
477,"Centrica Resources (Norge) AS",2008-02-29
"477 B","Centrica Resources (Norge) AS",2010-02-19
478,"Centrica Resources (Norge) AS",2008-02-29
479,"Statoil Petroleum AS",2009-11-02
480,"Statoil Petroleum AS",2009-11-02
481,"DONG E&P Norge AS",2012-10-31
482,"Det norske oljeselskap ASA",2009-12-22
"483 S","Det norske oljeselskap ASA",2009-12-22
484,"Noreco Norway AS",2012-12-31
485,"Wintershall Norge ASA",2009-01-17
"486 S","E.ON Ruhrgas Norge AS",2008-02-29
"487 S","E.ON Ruhrgas Norge AS",2008-02-29
488,"Statoil Petroleum AS",2009-11-02
489,"Eni Norge AS",2008-02-29
490,"Lundin Norway AS",2008-02-29
491,"Det norske oljeselskap ASA",2009-12-22
492,"Lundin Norway AS",2008-02-29
493,"ConocoPhillips Skandinavia AS",2009-01-23
494,"Det norske oljeselskap ASA",2013-03-19
"494 B","Det norske oljeselskap ASA",2013-03-19
"494 C","Det norske oljeselskap ASA",2013-03-19
495,"Lundin Norway AS",2009-01-23
"495 B","Lundin Norway AS",2012-02-03
496,"Premier Oil Norge AS",2009-01-23
497,"Det norske oljeselskap ASA",2009-12-22
"497 B","Det norske oljeselskap ASA",2010-02-19
498,"Lotos Exploration and Production Norge AS",2009-01-23
"499 S","ConocoPhillips Skandinavia AS",2009-01-23
500,"Statoil Petroleum AS",2011-07-27
501,"Lundin Norway AS",2009-01-23
"501 B","Lundin Norway AS",2011-02-04
502,"Statoil Petroleum AS",2009-11-02
503,"Lotos Exploration and Production Norge AS",2009-01-23
"503 B","Lotos Exploration and Production Norge AS",2011-02-04
504,"Det norske oljeselskap ASA",2009-12-22
"504 BS","Det norske oljeselskap ASA",2010-02-19
505,"Marathon Oil Norge AS",2011-07-04
"505 BS","Marathon Oil Norge AS",2011-07-04
"506 BS","Rocksource Exploration Norway AS",2012-12-31
"506 CS","Rocksource Exploration Norway AS",2012-12-31
"506 DS","Rocksource Exploration Norway AS",2012-12-31
"506 S","Rocksource Exploration Norway AS",2012-12-31
507,"Wintershall Norge AS",2012-03-24
"508 S","Nexen Exploration Norge AS",2009-01-23
"509 BS","Wintershall Norge AS",2013-02-08
"509 S","Wintershall Norge AS",2012-03-24
510,"Maersk Oil Norway AS",2013-01-01
511,"Wintershall Norge AS",2012-03-24
512,"Det norske oljeselskap ASA",2009-12-22
513,"Maersk Oil Norway AS",2009-01-23
"513 B","Maersk Oil Norway AS",2012-02-03
514,"Eni Norge AS",2009-01-23
515,"Rocksource ASA",2009-01-23
516,"Statoil Petroleum AS",2009-11-02
517,"OMV (Norge) AS",2009-01-23
518,"DONG E&P Norge AS",2009-01-23
"518 B","DONG E&P Norge AS",2010-02-19
519,"Lundin Norway AS",2009-05-15
520,"ExxonMobil Exploration & Production Norway AS",2009-05-15
521,"Statoil Petroleum AS",2009-11-02
522,"BG Norge AS",2009-05-15
523,"E.ON E&P Norge AS",2012-02-11
524,"Statoil Petroleum AS",2009-11-02
"524 B","Statoil Petroleum AS",2011-05-13
525,"Noreco Norway AS",2012-12-31
526,"North Energy ASA",2010-04-20
527,"Chevron Norge AS",2009-05-15
528,"Centrica Resources (Norge) AS",2012-09-27
"528 B","Centrica Resources (Norge) AS",2012-09-27
529,"Eni Norge AS",2009-05-15
530,"GDF SUEZ E&P Norge AS",2009-05-15
531,"Repsol Exploration Norge AS",2011-10-31
532,"Statoil Petroleum AS",2009-11-02
533,"Eni Norge AS",2009-05-15
534,"BG Norge AS",2009-05-15
535,"Total E&P Norge AS",2009-05-15
536,"Statoil Petroleum AS",2009-11-02
537,"OMV (Norge) AS",2009-05-15
538,"A/S Norske Shell",2009-05-15
539,"Premier Oil Norge AS",2012-01-31
540,"Norwegian Energy Company ASA",2010-02-19
541,"Repsol Exploration Norge AS",2010-02-19
542,"Det norske oljeselskap ASA",2010-02-19
"542 B","Det norske oljeselskap ASA",2013-02-08
543,"Statoil Petroleum AS",2010-02-19
544,"Lundin Norway AS",2010-02-19
545,"Norwegian Energy Company ASA",2010-02-19
546,"Lundin Norway AS",2010-02-19
"547 S","Marathon Oil Norge AS",2011-07-04
"548 S","Det norske oljeselskap ASA",2010-02-19
"549 S","Det norske oljeselskap ASA",2010-02-19
550,"Tullow Oil Norge AS",2013-02-13
551,"Tullow Oil Norge AS",2013-02-13
552,"Statoil Petroleum AS",2010-02-19
553,"Det norske oljeselskap ASA",2010-02-19
554,"Total E&P Norge AS",2011-05-31
"554 B","Total E&P Norge AS",2011-05-31
555,"Lundin Norway AS",2010-02-19
556,"Lotos Exploration and Production Norge AS",2010-02-19
557,"OMV (Norge) AS",2010-02-19
"557 B","OMV (Norge) AS",2012-02-03
558,"E.ON E&P Norge AS",2012-02-11
559,"Rocksource Exploration Norway AS",2012-12-31
560,"Statoil Petroleum AS",2010-02-19
561,"Wintershall Norge AS",2012-03-24
562,"E.ON E&P Norge AS",2012-02-11
563,"Lundin Norway AS",2010-02-19
564,"OMV (Norge) AS",2010-02-19
565,"Premier Oil Norge AS",2012-01-31
"566 S","Premier Oil Norge AS",2012-01-31
567,"Premier Oil Norge AS",2011-02-04
568,"Talisman Energy Norge AS",2011-02-04
569,"Statoil Petroleum AS",2011-02-04
570,"VNG Norge AS",2011-02-04
571,"Suncor Energy Norge AS",2011-02-28
"572 S","E.ON Ruhrgas Norge AS",2011-02-04
"573 S","Det norske oljeselskap ASA",2011-02-04
574,"Statoil Petroleum AS",2011-02-04
575,"Wintershall Norge AS",2012-03-24
576,"Lundin Norway AS",2011-02-04
577,"Wintershall Norge AS",2012-03-24
578,"Idemitsu Petroleum Norge AS",2011-02-04
579,"Lundin Norway AS",2011-02-04
580,"Statoil Petroleum AS",2011-02-04
581,"Dana Petroleum Norway AS",2011-02-04
582,"RWE Dea Norge AS",2011-02-04
583,"Tullow Oil Norge AS",2013-02-13
584,"Lundin Norway AS",2011-02-04
585,"Total E&P Norge AS",2011-02-04
586,"VNG Norge AS",2011-02-04
587,"Edison International Norway Branch",2011-02-04
588,"Rocksource ASA",2011-02-04
589,"Wintershall Norge AS",2012-03-24
590,"North Energy ASA",2011-02-04
591,"Tullow Oil Norge AS",2013-02-13
"591 B","Tullow Oil Norge AS",2013-02-13
592,"Centrica Resources (Norge) AS",2011-02-04
593,"Det norske oljeselskap ASA",2011-02-04
594,"Statoil Petroleum AS",2011-02-04
595,"Edison International Norway Branch",2011-02-04
596,"ExxonMobil Exploration & Production Norway AS",2011-05-13
597,"VNG Norge AS",2011-05-13
"597 B","VNG Norge AS",2012-02-03
598,"Chevron Norge AS",2011-05-13
599,"BG Norge AS",2011-05-13
600,"Dana Petroleum Norway AS",2011-05-13
601,"Wintershall Norge AS",2012-03-24
602,"Statoil Petroleum AS",2011-05-13
603,"Statoil Petroleum AS",2011-05-13
604,"Suncor Energy Norge AS",2011-05-13
605,"ConocoPhillips Skandinavia AS",2011-05-13
606,"OMV (Norge) AS",2011-05-13
607,"GDF SUEZ E&P Norge AS",2011-05-13
608,"Statoil Petroleum AS",2011-05-13
609,"Lundin Norway AS",2011-05-13
"609 B","Lundin Norway AS",2012-02-03
610,"GDF SUEZ E&P Norge AS",2011-05-13
611,"Wintershall Norge AS",2012-03-24
612,"GDF SUEZ E&P Norge AS",2011-05-13
613,"DONG E&P Norge AS",2011-05-13
614,"Statoil Petroleum AS",2011-05-13
615,"Statoil Petroleum AS",2011-05-13
616,"Edison International Norway Branch",2012-02-03
617,"Valiant Petroleum Norge AS",2012-02-03
618,"Total E&P Norge AS",2012-02-03
619,"Total E&P Norge AS",2012-02-03
620,"Faroe Petroleum Norge AS",2012-02-03
621,"Faroe Petroleum Norge AS",2012-02-03
622,"Premier Oil Norge AS",2012-02-03
623,"Talisman Energy Norge AS",2012-02-03
624,"Statoil Petroleum AS",2012-02-03
625,"Lundin Norway AS",2012-02-03
626,"Det norske oljeselskap ASA",2012-02-03
627,"Total E&P Norge AS",2012-02-03
628,"Statoil Petroleum AS",2012-02-03
629,"Bridge Energy Norge AS",2012-02-03
630,"Statoil Petroleum AS",2012-02-03
631,"Lundin Norway AS",2012-02-03
632,"Statoil Petroleum AS",2012-02-03
633,"Wintershall Norge AS",2012-03-24
634,"GDF SUEZ E&P Norge AS",2012-02-03
635,"Bayerngas Norge AS",2012-02-03
636,"GDF SUEZ E&P Norge AS",2012-02-03
637,"Suncor Energy Norge AS",2012-02-03
638,"BG Norge AS",2012-02-03
639,"Tullow Oil Norge AS",2013-02-13
640,"Talisman Energy Norge AS",2012-02-03
641,"VNG Norge AS",2012-02-03
642,"Repsol Exploration Norge AS",2012-02-03
643,"VNG Norge AS",2012-02-03
644,"OMV (Norge) AS",2012-02-03
645,"Faroe Petroleum Norge AS",2012-02-03
646,"Wintershall Norge AS",2012-03-24
647,"Maersk Oil Norway AS",2012-02-03
"648 S","PGNiG Norway AS",2012-02-03
649,"VNG Norge AS",2012-02-03
650,"E.ON E&P Norge AS",2012-02-11
651,"E.ON E&P Norge AS",2012-02-11
652,"Wintershall Norge AS",2012-03-24
653,"RWE Dea Norge AS",2012-02-03
654,"RWE Dea Norge AS",2012-02-03
655,"Wintershall Norge AS",2012-03-24
656,"E.ON E&P Norge AS",2012-02-11
657,"Eni Norge AS",2012-02-03
658,"DONG E&P Norge AS",2012-02-03
659,"Det norske oljeselskap ASA",2012-02-03
660,"Faroe Petroleum Norge AS",2013-02-08
661,"Total E&P Norge AS",2013-02-08
662,"Total E&P Norge AS",2013-02-08
663,"Det norske oljeselskap ASA",2013-02-08
"664 S","Talisman Energy Norge AS",2013-02-08
"665 S","Faroe Petroleum Norge AS",2013-02-08
666,"Centrica Resources (Norge) AS",2013-02-08
667,"Total E&P Norge AS",2013-02-08
668,"Centrica Resources (Norge) AS",2013-02-08
669,"DONG E&P Norge AS",2013-02-08
670,"Tullow Oil Norge AS",2013-02-13
671,"Maersk Oil Norway AS",2013-02-08
672,"Talisman Energy Norge AS",2013-02-08
673,"VNG Norge AS",2013-02-08
674,"E.ON E&P Norge AS",2013-02-08
675,"Statoil Petroleum AS",2013-02-08
"676 S","Faroe Petroleum Norge AS",2013-02-08
677,"Det norske oljeselskap ASA",2013-02-08
"678 S","Wintershall Norge AS",2013-02-08
"679 S","BG Norge AS",2013-02-08
680,"Tullow Oil Norge AS",2013-02-13
681,"Tullow Oil Norge AS",2013-02-13
682,"Bayerngas Norge AS",2013-02-08
683,"Wintershall Norge AS",2013-02-08
684,"Statoil Petroleum AS",2013-02-08
685,"Total E&P Norge AS",2013-02-08
686,"A/S Norske Shell",2013-02-08
687,"VNG Norge AS",2013-02-08
688,"E.ON E&P Norge AS",2013-02-08
689,"DONG E&P Norge AS",2013-02-08
690,"Bridge Energy Norge AS",2013-02-08
691,"Centrica Resources (Norge) AS",2013-02-08
692,"Repsol Exploration Norge AS",2013-02-08
693,"OMV (Norge) AS",2013-02-08
694,"RWE Dea Norge AS",2013-02-08
695,"Lundin Norway AS",2013-02-08
696,"Statoil Petroleum AS",2013-02-08
697,"Eni Norge AS",2013-02-08
698,"A/S Norske Shell",2013-02-08
699,"A/S Norske Shell",2013-02-08
700,"Lundin Norway AS",2013-02-08
701,"Norwegian Energy Company ASA",2013-02-08
